{"assets/icons/android.png":["assets/icons/android.png"],"assets/icons/destination_pin.png":["assets/icons/destination_pin.png"],"assets/icons/green-car.png":["assets/icons/green-car.png"],"assets/icons/ios.png":["assets/icons/ios.png"],"assets/icons/logo.png":["assets/icons/logo.png"],"assets/icons/logoOLD.png":["assets/icons/logoOLD.png"],"assets/icons/red-car.png":["assets/icons/red-car.png"],"assets/icons/taxi-pin.png":["assets/icons/taxi-pin.png"],"assets/icons/user_pin.png":["assets/icons/user_pin.png"],"assets/icons/yellow-car.png":["assets/icons/yellow-car.png"],"assets/images/error.png":["assets/images/error.png"],"assets/images/profile.jpg":["assets/images/profile.jpg"],"data/country_phone_codes.json":["data/country_phone_codes.json"],"packages/cupertino_icons/assets/CupertinoIcons.ttf":["packages/cupertino_icons/assets/CupertinoIcons.ttf"],"packages/flutter_google_places_hoc081098/assets/google_black.png":["packages/flutter_google_places_hoc081098/assets/google_black.png"],"packages/flutter_google_places_hoc081098/assets/google_white.png":["packages/flutter_google_places_hoc081098/assets/google_white.png"],"packages/flutter_map/lib/assets/flutter_map_logo.png":["packages/flutter_map/lib/assets/flutter_map_logo.png"],"packages/fluttertoast/assets/toastify.css":["packages/fluttertoast/assets/toastify.css"],"packages/fluttertoast/assets/toastify.js":["packages/fluttertoast/assets/toastify.js"],"packages/font_awesome_flutter/lib/fonts/fa-brands-400.ttf":["packages/font_awesome_flutter/lib/fonts/fa-brands-400.ttf"],"packages/font_awesome_flutter/lib/fonts/fa-regular-400.ttf":["packages/font_awesome_flutter/lib/fonts/fa-regular-400.ttf"],"packages/font_awesome_flutter/lib/fonts/fa-solid-900.ttf":["packages/font_awesome_flutter/lib/fonts/fa-solid-900.ttf"],"packages/wakelock_plus/assets/no_sleep.js":["packages/wakelock_plus/assets/no_sleep.js"]}